DayNumber,PriceGrocery,PriceNongrocery,RevenueGrocery,RevenueNongrocery
0,2.95,7.52,117.312,128.657
1,2.95,7.42,120.34,139.017
2,3.03,7.48,105.801,120.305
3,2.8,7.52,90.319,133.279
4,2.93,7.71,82.065,125.098
5,2.93,7.45,88.374,142.712
6,2.9,7.33,95.932,130.813
7,2.93,7.35,104.057,120.759
8,2.95,7.39,115.174,136.61
9,2.88,7.51,105.147,142.138
10,3.0,7.39,102.245,129.56
11,2.92,7.59,96.774,132.75
12,2.96,7.42,90.828,127.984
13,2.92,7.42,98.173,135.831
14,3.01,7.63,102.837,137.348
15,2.91,7.47,115.96,127.752
16,2.95,7.43,104.048,119.824
17,2.91,7.71,96.178,145.35
18,2.94,7.57,90.287,138.49
19,2.93,7.54,87.974,156.419
20,2.9,7.38,96.518,120.604
21,2.9,7.59,111.431,137.613
22,2.92,7.58,106.277,137.675
23,3.03,7.44,105.593,140.414
24,3.03,7.45,88.922,132.081
25,3.05,7.54,94.618,144.482
26,2.99,7.26,96.691,122.296
27,2.96,7.44,96.822,133.392
28,2.98,7.44,120.144,135.718
29,3.1,7.51,122.754,124.073
30,2.96,7.79,106.671,140.16
31,2.96,7.4,95.207,126.915
32,3.02,7.37,95.081,115.265
33,3.0,7.35,87.608,125.031
34,2.98,7.57,101.753,150.969
35,2.95,7.54,120.379,122.533
36,2.88,7.84,110.835,139.384
37,2.97,7.62,111.044,145.292
38,2.97,7.49,96.951,133.272
39,3.03,7.47,88.489,147.443
40,2.99,7.65,91.119,137.01
41,2.9,7.5,94.63,140.251
42,2.94,7.36,110.357,141.665
43,2.91,7.66,121.656,135.431
44,2.83,7.24,109.386,130.271
45,2.94,7.28,108.334,136.603
46,2.99,7.59,85.981,137.769
47,2.87,7.45,79.164,137.063
48,2.99,7.53,90.593,132.527
49,2.87,7.49,103.236,146.831
50,2.98,7.45,120.892,140.172
51,2.94,7.51,107.429,126.317
52,2.9,7.58,93.518,122.415
53,2.83,7.54,86.844,121.513
54,2.94,7.31,89.877,137.086
55,3.01,7.61,97.516,148.009
56,2.95,7.49,110.347,147.331
57,3.03,7.36,108.31,131.923
58,3.02,7.49,113.914,129.761
59,2.93,7.54,98.497,131.443
60,2.9,7.48,84.282,125.101
61,3.04,7.58,85.44,133.122
62,2.96,7.43,95.946,129.226
63,3.04,7.57,117.708,131.875
64,2.94,7.54,124.946,127.982
65,3.03,7.57,116.64,139.116
66,3.06,7.49,107.849,140.117
67,2.97,7.36,90.305,114.65
68,2.9,7.56,92.021,143.576
69,2.93,7.54,95.078,127.802
70,2.83,7.64,107.688,126.528
71,2.9,7.63,115.98,137.675
72,2.95,7.61,109.802,151.583
73,2.96,7.62,104.633,110.923
74,3.04,7.46,90.332,127.677
75,2.99,7.4,94.391,136.966
76,2.96,7.79,109.793,145.698
77,2.99,7.66,117.96,139.224
78,3.05,7.37,123.504,139.049
79,2.9,7.56,112.706,138.281
80,2.93,7.55,97.925,142.363
81,3.01,7.6,96.897,130.686
82,2.94,7.74,79.01,150.801
83,3.05,7.5,105.624,149.084
84,3.01,7.87,119.609,142.734
85,3.04,7.48,131.993,123.59
86,2.99,7.7,116.254,144.439
87,3.05,7.54,107.076,135.171
88,2.95,7.75,93.89,136.77
89,2.89,7.57,90.099,135.324
90,3.02,7.66,108.764,139.71
91,2.94,7.47,126.781,144.287
92,3.01,7.52,143.923,127.092
93,2.98,7.49,133.077,133.009
94,3.06,7.41,102.891,137.799
95,2.88,7.66,82.718,128.559
96,2.92,7.65,85.066,128.173
97,2.92,7.56,92.575,134.935
98,3.04,7.61,115.906,132.413
99,3.02,7.49,122.002,130.759
100,3.04,7.47,113.206,148.96
101,2.98,7.5,96.312,138.127
102,3.03,7.59,90.552,132.564
103,2.89,7.43,77.751,142.272
104,2.93,7.63,91.43,157.411
105,3.13,7.53,126.938,143.58
106,3.02,7.55,112.082,122.031
107,3.04,7.47,111.126,135.556
108,2.96,7.53,95.577,109.557
109,2.96,7.3,90.904,133.915
110,2.95,7.37,87.884,134.743
111,3.05,7.59,96.3,139.914
112,3.05,7.36,124.761,131.691
113,2.92,7.54,113.472,137.423
114,2.98,7.68,106.793,142.406
115,2.93,7.52,96.188,148.33
116,3.15,7.6,94.662,120.256
117,3.05,7.81,94.317,138.701
118,3.0,7.56,101.449,117.834
119,3.05,7.67,115.013,142.457
120,2.93,7.62,111.545,131.506
121,2.98,7.66,115.638,142.006
122,2.91,7.37,98.854,132.156
123,2.93,7.68,88.425,145.907
124,2.95,7.43,88.05,130.523
125,2.94,7.47,92.023,133.213
126,3.05,7.63,115.861,144.229
127,3.0,7.55,125.398,126.978
128,2.94,7.66,117.495,142.528
129,3.02,7.6,85.998,137.77
130,3.06,7.62,91.397,139.576
131,3.04,7.71,95.888,143.013
132,2.98,7.76,98.851,141.151
133,2.97,7.66,121.546,130.47
134,2.98,7.67,119.129,139.823
135,3.03,7.6,114.066,127.412
136,2.93,7.63,96.663,143.023
137,2.97,7.37,84.793,121.695
138,3.0,7.77,80.679,138.796
139,2.98,7.51,102.589,137.215
140,3.02,7.5,112.589,146.166
141,3.09,7.67,122.893,141.561
142,2.98,7.3,110.199,140.405
143,2.98,7.45,108.643,134.395
144,2.98,7.46,100.379,134.148
145,2.91,7.77,93.549,140.107
146,3.1,7.62,116.569,132.323
147,2.92,7.64,111.41,157.386
148,2.95,7.71,123.183,158.455
149,3.08,7.55,117.804,161.361
150,3.08,7.71,113.159,151.224
151,3.02,7.65,92.015,165.469
152,2.95,7.69,96.792,153.992
153,3.04,7.69,113.324,156.656
154,3.02,7.7,124.634,155.109
155,2.95,7.82,132.229,165.663
156,2.97,7.77,132.209,154.003
157,3.04,7.66,115.091,172.314
158,3.11,8.03,114.529,171.382
159,2.98,7.77,108.656,164.268
160,3.06,7.81,128.795,194.832
161,3.0,7.89,138.05,178.333
162,3.1,7.94,148.499,191.266
163,3.07,7.66,141.055,189.998
164,2.98,8.03,119.119,200.823
165,3.14,7.87,119.111,193.273
166,3.0,7.72,125.105,192.407
167,3.04,7.78,140.317,199.192
168,3.05,7.99,159.86,213.071
169,3.09,7.96,167.81,234.902
170,3.04,8.0,157.934,223.224
171,3.12,8.06,156.775,241.505
172,3.16,8.26,153.467,242.336
173,2.96,8.19,141.664,246.943
174,3.0,8.08,164.428,253.934
175,3.09,7.95,183.59,246.225
176,3.08,8.16,195.816,275.034
177,3.13,8.29,198.664,278.856
178,3.08,8.17,176.186,284.828
179,3.07,8.19,171.308,278.329
180,3.08,8.0,186.352,281.312
181,3.06,8.21,186.873,305.593
182,3.08,8.51,198.69,308.67
183,3.08,8.43,216.175,316.446
184,3.02,8.07,206.932,321.341
185,3.06,8.7,195.706,325.21
186,3.1,8.52,182.478,345.245
187,3.14,8.23,195.519,307.667
188,3.09,8.29,191.008,308.376
189,3.08,8.69,210.195,339.196
190,3.06,8.55,215.899,331.61
191,3.07,8.44,204.007,323.485
192,3.02,8.54,196.716,340.555
193,2.94,8.49,174.923,333.362
194,2.98,8.51,185.487,327.099
195,3.11,8.21,188.132,320.475
196,3.16,8.32,208.419,301.921
197,3.25,8.35,216.721,310.973
198,3.16,8.37,204.612,322.066
199,3.03,8.34,182.956,291.728
200,3.11,8.22,176.516,290.705
201,2.98,8.24,170.673,287.968
202,3.06,8.13,178.207,281.239
203,3.09,8.07,183.488,277.878
204,3.07,8.02,191.879,271.566
205,3.18,8.46,186.417,263.212
206,3.09,8.1,156.604,268.583
207,2.97,8.06,137.323,247.666
208,3.08,8.1,156.995,251.822
209,3.13,8.06,161.153,243.56
210,3.05,7.77,160.593,231.144
211,3.09,8.25,172.029,226.288
212,3.01,7.73,157.556,210.211
213,3.04,7.85,138.023,205.852
214,3.04,7.76,128.31,209.629
215,2.99,8.03,123.726,203.747
216,3.08,7.86,134.908,190.153
217,3.03,7.7,152.644,191.205
218,2.95,7.81,140.448,207.396
219,3.06,7.78,128.181,189.169
220,3.02,7.93,120.2,173.076
221,3.01,7.84,104.26,170.767
222,3.01,7.51,114.134,149.453
223,3.05,7.98,120.21,173.018
224,3.06,7.58,120.437,152.584
225,3.06,7.67,135.501,154.229
226,3.04,7.63,135.581,162.408
227,2.86,7.64,105.155,161.796
228,2.94,7.78,98.141,156.788
229,2.98,7.61,93.58,138.934
230,3.09,7.72,113.291,149.145
231,3.0,7.76,111.768,157.567
232,2.99,7.7,124.682,129.422
233,3.05,7.81,126.813,139.769
234,3.1,7.64,112.205,148.195
235,3.02,7.7,91.785,131.54
236,2.96,7.79,88.377,123.032
237,3.07,7.71,99.773,141.679
238,3.1,7.44,115.155,146.828
239,3.16,7.69,129.891,143.372
240,3.08,7.63,115.495,127.902
241,3.07,7.29,109.319,128.322
242,3.05,7.68,90.263,137.587
243,2.98,7.53,95.037,138.357
244,3.06,7.68,105.139,139.593
245,2.97,7.71,112.594,138.048
246,3.04,7.4,109.658,139.07
247,3.01,7.51,106.985,136.385
248,2.94,7.75,96.084,138.022
249,2.98,7.55,82.248,131.136
250,2.95,7.53,88.645,138.316
251,2.98,7.56,102.674,130.666
252,3.12,7.53,122.392,149.97
253,3.0,7.58,123.77,132.418
254,2.96,7.4,110.41,122.338
255,3.05,7.64,99.164,124.376
256,3.09,7.8,81.281,132.443
257,3.01,7.51,88.413,148.521
258,2.97,7.5,101.819,131.738
259,3.04,7.53,115.619,106.996
260,3.05,7.62,122.53,134.882
261,2.95,7.66,113.94,135.316
262,3.11,7.56,109.648,149.619
263,3.06,7.65,85.856,148.15
264,2.98,7.72,89.797,137.45
265,2.99,7.73,94.176,132.226
266,3.04,7.48,112.823,129.816
267,3.05,7.73,115.681,145.095
268,3.05,7.77,112.771,136.048
269,3.06,7.65,96.599,132.625
270,3.08,7.6,86.973,137.375
271,2.96,7.61,92.15,143.975
272,3.03,7.29,100.699,116.1
273,3.15,7.56,124.338,133.917
274,3.03,7.68,121.461,131.256
275,3.11,7.64,126.003,132.458
276,2.98,7.8,101.466,119.814
277,2.97,7.55,83.39,129.677
278,3.04,7.66,92.168,145.138
279,2.99,7.46,103.332,133.679
280,3.04,7.7,114.675,129.794
281,3.14,7.45,122.277,119.865
282,3.12,7.58,109.027,147.499
283,3.01,7.73,93.592,134.591
284,3.15,7.65,86.779,113.65
285,2.98,7.42,102.542,132.994
286,2.99,7.58,103.94,127.873
287,3.06,7.32,115.161,117.722
288,2.98,7.74,113.194,147.508
289,3.06,7.51,117.538,134.052
290,3.05,7.89,104.119,141.387
291,3.17,7.67,99.249,137.481
292,2.9,7.64,94.573,127.032
293,2.91,7.61,94.309,137.229
294,3.04,7.66,115.822,137.464
295,3.03,7.37,124.986,139.533
296,3.07,7.5,112.299,121.904
297,3.03,7.74,109.956,132.156
298,3.07,7.69,91.324,132.776
299,3.07,7.61,82.959,155.631
300,3.04,7.56,110.864,131.67
301,2.97,7.69,115.336,143.28
302,3.11,7.52,119.825,133.224
303,3.05,7.52,112.588,140.391
304,3.0,7.5,106.863,135.646
305,3.0,7.54,84.024,131.007
306,3.01,7.65,92.394,135.224
307,3.1,7.74,99.099,132.48
308,2.94,7.76,107.658,145.26
309,3.04,7.5,120.329,140.01
310,3.09,7.46,121.822,133.483
311,3.01,7.43,103.157,148.612
312,3.0,7.54,97.642,126.776
313,2.99,7.55,90.969,137.355
314,2.99,7.65,100.055,139.114
315,3.01,7.78,115.302,128.927
316,3.03,7.66,122.15,160.58
317,3.03,7.68,121.601,133.345
318,3.07,7.55,106.338,134.898
319,3.08,7.82,92.202,142.409
320,2.99,7.58,91.228,135.285
321,3.05,7.59,100.461,132.632
322,3.04,7.47,114.007,135.02
323,3.06,7.63,120.98,131.196
324,3.0,7.64,112.615,145.998
325,3.06,7.65,106.662,149.733
326,2.98,7.8,84.943,161.678
327,3.08,7.61,93.731,148.787
328,3.16,7.74,107.481,156.926
329,3.1,7.66,122.818,158.48
330,3.19,7.54,128.013,140.743
331,2.99,7.88,111.036,145.566
332,3.1,7.72,104.764,146.576
333,3.14,7.86,104.072,141.6
334,3.14,7.64,104.195,148.861
335,3.11,7.47,112.246,144.079
336,2.97,7.71,120.575,150.88
337,3.09,7.91,133.204,146.1
338,3.06,7.6,119.488,149.004
339,3.02,7.99,108.245,169.403
340,3.0,7.63,91.541,148.035
341,3.06,7.55,108.426,148.665
342,2.98,7.74,110.508,150.389
343,3.09,7.56,126.154,139.06
344,3.05,7.6,133.682,158.592
345,3.17,7.7,126.856,162.049
346,3.02,7.72,108.338,138.047
347,3.07,7.73,114.07,152.459
348,3.06,7.59,104.255,153.493
349,3.06,7.76,109.419,152.941
350,3.0,7.75,119.702,164.361
351,3.04,7.82,131.908,161.181
352,3.11,7.76,135.083,156.633
353,3.0,7.91,113.685,168.917
354,3.1,7.65,110.629,165.68
355,3.01,7.37,108.323,165.878
356,2.92,7.85,108.617,160.852
357,3.12,7.7,132.849,159.497
358,3.01,7.83,136.258,164.393
359,3.07,7.66,124.601,154.401
360,3.18,7.89,119.487,145.83
361,3.08,7.46,95.097,138.085
362,3.13,7.4,92.869,143.573
363,3.08,7.57,116.841,115.026
364,3.07,7.86,133.915,144.814
365,3.08,7.59,135.064,138.186
366,3.1,7.83,120.459,126.631
367,3.05,7.74,103.757,137.514
368,3.1,7.44,88.874,114.818
369,3.14,7.59,90.764,136.793
370,3.12,7.71,110.174,140.836
371,3.07,7.7,105.746,145.971
372,3.09,7.58,123.877,132.475
373,3.02,7.69,113.347,125.648
374,3.03,7.53,98.004,129.823
375,3.01,7.39,88.67,132.622
376,3.0,7.68,85.944,136.036
377,2.98,7.53,92.965,123.914
378,3.11,7.42,115.635,138.053
379,3.06,7.65,127.233,144.26
380,3.12,7.67,122.37,156.931
381,3.02,7.57,104.334,136.308
382,3.06,7.74,91.019,146.288
383,3.1,7.54,86.704,137.557
384,3.05,7.51,107.621,125.914
385,3.04,7.59,114.662,147.402
386,3.06,7.45,122.813,134.751
387,3.08,7.65,114.866,137.083
388,3.05,7.63,97.977,143.349
389,3.1,7.68,87.114,124.172
390,2.97,7.71,90.365,129.94
391,3.04,7.55,108.396,141.407
392,3.06,7.56,121.036,129.137
393,3.06,7.57,127.09,132.741
394,3.11,7.62,121.631,135.961
395,3.03,7.57,101.434,127.345
396,3.09,7.73,96.137,136.743
397,3.05,7.61,89.795,133.453
398,3.1,7.73,101.033,123.231
399,3.1,7.57,119.821,150.476
400,3.02,7.6,114.052,125.442
401,3.05,7.7,111.336,138.105
402,3.03,7.62,101.917,141.872
403,3.09,7.46,94.72,133.9
404,3.07,7.73,86.081,129.106
405,3.12,7.74,102.466,134.243
406,3.0,7.36,113.152,140.451
407,3.05,7.4,115.674,120.746
408,3.13,7.79,123.864,133.642
409,2.99,7.63,107.73,141.463
410,3.11,7.79,91.576,139.51
411,2.91,7.47,90.148,140.32
412,3.08,7.75,106.497,133.326
413,3.09,7.57,131.531,137.398
414,3.11,7.67,127.884,133.221
415,2.99,7.8,118.192,143.113
416,3.1,7.92,112.777,135.306
417,3.16,7.52,86.933,120.847
418,3.15,7.65,79.741,146.891
419,3.09,7.74,102.515,147.103
420,3.11,7.5,112.259,132.499
421,3.06,7.54,122.491,130.682
422,3.0,7.77,120.714,138.22
423,3.06,7.74,110.925,141.815
424,3.06,7.67,88.468,144.242
425,3.15,7.69,87.548,137.405
426,2.95,7.84,94.984,149.065
427,3.02,7.77,113.236,131.307
428,2.97,7.64,116.623,147.757
429,3.12,7.54,122.694,131.364
430,3.09,7.63,110.824,131.239
431,2.98,7.77,89.538,137.453
432,3.04,7.87,94.807,144.955
433,3.12,7.72,100.738,144.879
434,3.04,7.58,117.97,140.794
435,3.22,7.5,125.383,136.731
436,3.12,7.8,119.934,126.019
437,3.05,7.68,102.323,131.004
438,3.06,7.77,94.125,124.98
439,3.08,7.69,80.984,137.363
440,3.11,7.58,113.47,137.846
441,3.13,7.88,118.058,118.978
442,3.16,7.58,129.524,134.584
443,3.08,7.74,117.034,119.522
444,3.08,7.76,99.659,129.619
445,3.06,7.77,85.089,126.05
446,2.92,7.71,84.014,151.993
447,3.19,7.7,113.119,138.91
448,3.01,7.96,117.157,130.263
449,3.1,7.76,120.388,155.561
450,3.04,7.68,111.794,145.863
451,3.15,7.54,98.206,124.831
452,3.02,7.66,90.827,143.602
453,3.08,7.6,88.852,132.978
454,3.15,7.67,103.211,138.616
455,3.28,7.9,125.61,126.8
456,3.11,7.61,129.333,133.888
457,3.03,7.85,116.432,136.621
458,3.11,7.87,101.549,141.899
459,3.01,7.69,94.523,141.17
460,3.06,7.55,94.091,134.558
461,3.05,7.63,100.36,124.988
462,3.1,7.62,122.147,148.237
463,3.16,7.69,128.191,137.503
464,3.13,7.95,118.256,135.547
465,3.12,7.56,113.629,131.929
466,3.06,7.71,108.59,135.094
467,3.08,7.53,102.612,139.884
468,3.14,7.75,109.821,149.355
469,3.15,7.6,141.219,145.94
470,3.22,7.82,137.398,142.28
471,3.08,7.65,146.171,140.244
472,3.05,7.71,103.825,138.775
473,3.1,7.49,91.268,125.998
474,3.09,7.47,85.945,132.575
475,3.1,7.81,111.256,142.123
476,3.16,7.77,119.819,129.311
477,3.0,7.54,123.559,146.468
478,3.1,7.27,122.516,131.496
479,3.09,7.88,95.133,130.366
480,3.03,7.4,82.444,116.564
481,3.06,7.64,85.313,148.278
482,3.19,7.81,110.131,132.181
483,3.12,7.7,117.555,138.254
484,3.14,7.68,124.459,131.984
485,3.13,7.69,119.262,143.413
486,3.11,7.61,100.202,134.646
487,3.1,7.82,87.107,142.127
488,3.07,7.4,87.099,137.035
489,2.97,7.76,101.626,135.495
490,3.1,7.84,115.658,135.279
491,3.04,7.95,128.503,157.99
492,3.13,7.74,121.176,148.259
493,3.1,7.65,107.6,129.159
494,3.09,7.69,82.017,136.214
495,3.09,7.66,90.178,110.286
496,3.12,7.7,113.64,142.432
497,3.14,7.84,121.517,140.75
498,3.15,7.71,118.924,140.347
499,3.11,7.69,121.853,154.088
500,3.2,7.52,97.029,151.005
501,3.08,7.86,96.303,150.25
502,3.16,7.74,98.215,133.153
503,3.06,7.8,110.323,141.144
504,3.21,7.78,119.964,139.158
505,3.09,7.77,119.204,144.644
506,3.16,7.74,129.111,133.953
507,3.13,7.87,101.802,137.578
508,3.05,7.87,88.931,149.167
509,3.1,7.85,104.696,152.412
510,3.01,7.8,105.331,130.488
511,3.08,7.55,115.588,143.728
512,3.14,7.68,132.87,145.318
513,3.2,7.85,120.616,149.574
514,3.07,7.89,99.509,146.196
515,3.04,7.73,99.736,134.172
516,3.03,7.85,94.871,158.139
517,3.12,7.88,122.601,161.295
518,3.18,7.7,135.485,155.157
519,3.15,7.63,124.671,153.958
520,3.07,7.94,131.459,155.257
521,3.01,8.11,110.338,171.428
522,3.1,8.04,106.489,173.782
523,3.0,7.75,105.516,179.023
524,3.17,8.08,124.874,187.302
525,3.12,7.77,131.116,184.729
526,3.13,7.86,148.655,189.87
527,3.11,7.99,135.309,191.506
528,3.1,8.12,139.031,207.716
529,3.14,7.97,116.288,211.275
530,3.14,8.33,118.444,214.021
531,3.12,8.11,151.047,225.0
532,3.17,7.75,154.624,210.449
533,3.17,7.95,176.214,209.651
534,3.19,7.99,159.347,223.753
535,3.2,8.04,155.738,220.737
536,3.06,8.29,140.691,249.837
537,3.11,8.08,143.423,245.835
538,3.15,8.46,154.45,244.882
539,3.17,8.18,194.276,271.845
540,3.17,8.37,198.773,255.532
541,3.13,8.43,185.007,259.331
542,3.2,8.45,172.462,272.237
543,3.11,8.49,169.884,294.265
544,3.13,8.57,163.291,296.374
545,3.13,8.49,175.142,299.797
546,3.11,8.37,195.164,288.21
547,3.23,8.29,205.985,293.658
548,3.12,8.61,198.489,323.989
549,3.26,8.53,191.873,308.537
550,3.23,8.48,177.419,310.479
551,3.15,8.51,174.991,312.703
552,3.26,8.3,196.011,323.029
553,3.19,8.52,210.893,307.96
554,3.2,8.55,214.013,312.9
555,3.15,8.45,209.263,312.048
556,3.18,8.63,196.538,312.229
557,3.24,8.43,176.452,322.815
558,3.19,8.67,191.361,319.155
559,3.15,8.63,192.71,321.545
560,3.12,8.52,197.423,302.007
561,3.15,8.53,214.971,304.942
562,3.28,8.41,213.637,282.315
563,3.26,8.74,199.29,324.574
564,3.2,8.5,180.735,288.751
565,3.17,8.14,160.511,280.354
566,3.19,8.52,176.35,284.299
567,3.23,8.27,205.72,283.098
568,3.1,8.56,193.147,299.314
569,3.12,8.2,171.474,263.246
570,3.15,8.32,162.876,265.594
571,3.14,8.4,154.532,252.16
572,3.17,8.21,136.906,256.782
573,3.22,8.37,158.998,233.059
574,3.16,8.09,178.848,225.941
575,3.11,8.38,173.995,234.056
576,3.18,8.48,168.404,238.281
577,3.2,8.04,156.742,222.142
578,3.13,8.1,129.178,222.894
579,3.15,8.38,133.782,208.764
580,3.19,7.9,149.868,191.146
581,3.14,8.32,160.5,212.827
582,3.19,8.33,149.713,206.62
583,3.15,8.1,150.03,197.702
584,3.0,7.84,131.808,184.309
585,3.14,7.95,113.328,181.81
586,3.16,7.75,105.068,175.344
587,3.02,7.99,120.522,174.048
588,3.06,8.02,132.794,183.547
589,3.15,8.06,131.215,174.781
590,3.22,7.88,143.251,149.917
591,3.13,7.82,129.245,169.447
592,3.19,7.68,108.179,160.759
593,3.04,7.97,105.984,148.64
594,3.14,8.14,115.93,156.484
595,3.1,7.55,123.487,152.508
596,3.3,7.9,142.873,132.924
597,3.2,8.03,111.551,154.117
598,3.04,7.9,109.34,151.541
599,3.11,8.0,98.714,148.383
600,3.12,7.88,88.258,163.587
601,3.16,8.08,111.586,144.108
602,3.08,7.53,119.709,136.94
603,3.11,7.79,125.493,146.087
604,3.15,7.97,114.892,164.542
605,3.05,7.71,105.522,143.393
606,3.14,7.72,90.161,134.798
607,3.07,7.77,90.625,148.847
608,3.07,7.79,106.282,149.492
609,3.13,7.66,128.367,146.676
610,3.08,7.52,121.854,141.503
611,3.16,7.73,118.756,149.039
612,3.06,7.92,111.79,152.744
613,3.18,7.97,95.938,148.404
614,3.06,7.84,98.418,136.471
615,3.08,7.82,96.991,135.533
616,3.11,7.83,115.948,142.763
617,3.08,7.67,111.653,127.714
618,3.28,7.75,119.805,155.431
619,3.22,7.66,109.198,136.801
620,3.17,7.68,90.101,124.366
621,3.06,7.5,97.579,121.396
622,3.06,7.73,105.139,142.181
623,3.24,7.81,113.263,143.505
624,3.12,7.77,116.763,126.172
625,3.18,7.56,117.495,126.569
626,3.11,7.67,105.3,149.763
627,3.14,8.0,88.97,137.24
628,3.19,7.53,93.005,134.012
629,3.14,7.99,108.189,149.737
630,3.22,7.56,127.654,134.908
631,3.14,7.78,124.842,128.842
632,3.21,7.62,123.725,124.193
633,3.21,7.61,102.971,120.35
634,3.23,7.99,91.298,154.719
635,3.05,7.81,92.283,148.86
636,3.09,7.74,105.367,139.05
637,3.14,7.53,118.617,128.313
638,3.21,7.7,125.191,141.41
639,3.16,7.71,113.027,139.853
640,3.12,7.86,109.107,132.111
641,3.2,7.6,95.175,137.047
642,3.12,7.71,91.301,145.947
643,3.14,7.44,111.42,136.491
644,3.14,7.93,113.48,148.632
645,3.21,7.55,135.07,162.74
646,3.15,7.81,130.495,141.088
647,2.99,8.03,92.524,140.336
648,3.17,7.76,94.862,151.532
649,3.06,7.9,89.611,128.264
650,3.15,7.81,115.956,134.63
651,3.23,7.96,118.238,139.657
652,3.03,7.54,121.12,145.478
653,3.22,7.88,124.286,136.147
654,3.19,7.71,107.002,144.654
655,3.13,7.57,97.731,134.112
656,3.19,7.81,100.159,153.467
657,3.18,7.56,109.561,129.373
658,3.03,7.92,114.213,134.72
659,3.22,7.83,134.867,146.702
660,3.19,7.76,121.546,150.809
661,3.2,7.81,112.135,152.549
662,3.08,7.79,87.386,158.432
663,3.19,7.66,93.491,142.149
664,3.03,7.74,92.918,129.144
665,3.19,7.88,115.777,135.348
666,3.15,7.81,125.783,143.245
667,3.14,7.94,122.124,138.369
668,3.2,7.76,106.508,129.066
669,3.14,7.64,95.935,145.446
670,3.19,7.76,108.778,146.795
671,3.14,7.62,100.567,144.123
672,3.14,7.81,116.975,151.483
673,3.25,7.95,139.218,135.462
674,3.16,7.76,120.335,145.474
675,3.13,7.96,104.787,154.971
676,3.16,7.69,101.501,124.377
677,3.17,7.56,98.987,131.063
678,3.04,7.67,99.367,140.637
679,3.26,7.91,131.244,154.325
680,3.24,7.7,130.148,143.828
681,3.1,7.56,117.795,137.479
682,3.17,7.71,113.128,139.233
683,3.1,8.03,95.542,122.879
684,3.13,7.62,85.929,125.272
685,3.17,7.87,101.971,144.174
686,3.05,7.73,115.928,143.304
687,3.18,7.7,129.826,139.371
688,3.28,7.57,134.295,142.168
689,3.21,7.81,120.273,131.282
690,2.97,7.65,84.859,132.804
691,3.11,7.75,93.63,140.728
692,3.19,7.92,112.381,135.749
693,3.18,7.84,130.799,156.06
694,3.15,7.88,124.313,157.901
695,3.09,7.88,123.59,155.507
696,3.2,7.99,116.422,162.989
697,3.14,7.73,93.857,158.156
698,3.16,7.77,94.548,150.542
699,3.19,7.83,108.177,154.196
700,3.21,7.64,131.212,135.862
701,3.28,7.69,135.966,146.892
702,3.15,7.87,127.007,152.305
703,3.14,7.89,109.83,147.313
704,3.06,7.85,99.379,152.086
705,3.07,8.0,96.585,156.683
706,3.13,7.99,106.034,150.76
707,3.15,8.01,130.613,163.18
708,3.22,7.59,126.319,152.458
709,3.24,7.83,129.214,156.139
710,3.12,7.69,107.733,154.843
711,3.13,7.88,98.471,172.561
712,3.15,7.86,102.585,174.105
713,3.27,7.86,115.286,165.066
714,3.22,8.0,130.082,167.684
715,3.16,7.75,155.172,158.475
716,3.21,7.66,123.67,158.766
717,3.18,7.79,126.204,154.444
718,3.23,7.95,109.009,161.357
719,3.18,7.87,114.82,158.251
720,3.21,8.19,131.216,173.135
721,3.18,7.72,139.223,158.434
722,3.15,7.87,145.046,159.044
723,3.14,8.06,135.925,159.889
724,3.25,7.99,113.39,134.734
725,3.15,7.86,96.317,125.17
726,3.16,7.86,108.927,133.854
727,3.17,7.87,109.841,130.65
728,3.23,7.92,138.785,132.929
729,3.18,7.89,137.629,142.217
730,3.25,7.73,137.547,150.795
731,3.24,7.64,106.422,150.95
732,3.11,7.76,90.294,157.109
733,3.32,7.82,99.806,131.718
734,3.14,7.85,114.667,124.397
735,3.12,7.88,116.18,132.773
736,3.23,7.35,122.838,124.14
737,3.11,7.85,118.909,143.692
738,3.19,7.91,105.037,132.037
739,3.11,7.81,98.062,135.446
740,3.09,8.0,92.526,146.458
741,3.16,7.63,98.652,139.374
742,3.21,7.9,125.234,136.808
743,3.12,8.07,115.574,136.066
744,3.23,7.72,114.191,129.696
745,3.15,7.77,109.733,137.402
746,3.14,7.87,93.961,145.184
747,3.21,7.89,94.21,134.475
748,3.2,7.7,106.525,127.668
749,3.21,7.76,113.565,150.804
750,3.07,7.77,115.469,131.809
751,3.18,7.8,122.227,123.17
752,3.08,7.99,111.546,143.597
753,3.16,7.93,96.819,140.733
754,3.08,7.94,103.863,139.921
755,3.16,7.83,103.338,130.867
756,3.17,7.55,123.629,119.68
757,3.27,7.7,139.438,137.939
758,3.1,7.72,122.734,128.453
759,3.03,8.02,93.686,145.525
760,3.17,7.88,97.709,133.753
761,3.22,7.85,100.531,142.594
762,3.24,7.71,103.766,141.866
763,3.13,7.9,120.084,140.926
764,3.22,7.84,122.872,131.126
765,3.12,7.74,118.641,138.404
766,3.22,7.52,104.374,128.012
767,3.2,7.96,98.242,150.591
768,3.18,8.07,98.508,135.63
769,3.19,7.79,102.826,131.945
770,3.16,7.56,118.445,125.856
771,3.19,7.77,126.301,131.896
772,3.2,7.91,123.809,146.579
773,3.22,8.0,103.997,135.398
774,3.05,7.9,90.872,170.357
775,3.16,7.69,93.592,142.713
776,3.21,7.89,103.878,140.89
777,3.2,7.64,125.902,137.456
778,3.22,7.77,116.704,134.722
779,3.26,7.83,118.388,137.445
780,3.14,7.85,106.776,125.655
781,3.19,7.9,92.19,127.65
782,3.14,7.94,98.432,153.347
783,3.13,7.66,99.366,130.723
784,3.3,7.98,136.541,149.861
785,3.14,8.1,125.766,138.339
786,3.21,7.95,111.276,143.953
787,3.11,7.91,99.316,137.512
788,3.14,7.79,102.836,122.628
789,3.19,7.89,89.75,142.256
790,3.16,7.9,105.844,148.191
791,3.22,7.95,119.63,127.054
792,3.19,7.63,127.789,145.585
793,3.19,7.93,114.3,139.99
794,3.11,8.03,97.943,132.928
795,3.16,7.93,97.033,135.437
796,3.21,7.94,99.049,149.198
797,3.25,8.04,102.908,167.092
798,3.07,7.76,115.466,139.924
799,3.15,7.93,127.218,151.268
800,3.2,8.09,123.54,156.526
801,3.16,7.8,99.393,138.212
802,3.23,7.53,102.15,136.792
803,3.12,8.0,87.643,137.883
804,3.33,7.44,117.449,137.945
805,3.27,7.56,124.376,119.641
806,3.18,7.88,134.411,138.29
807,3.28,7.81,140.203,145.519
808,3.27,8.01,100.104,143.645
809,3.15,7.96,98.446,142.517
810,3.16,7.75,99.758,131.962
811,3.18,7.87,116.203,140.452
812,3.23,7.73,132.677,149.608
813,3.15,7.88,128.676,150.822
814,3.23,7.91,121.878,137.626
815,3.25,7.9,110.85,127.859
816,3.17,7.83,110.354,133.208
817,3.19,7.83,99.084,127.154
818,3.24,7.96,121.391,140.401
819,3.22,7.82,136.515,145.479
820,3.25,7.9,139.976,135.589
821,3.17,7.71,134.804,139.826
822,3.18,7.73,120.455,139.258
823,3.2,7.9,107.893,146.018
824,3.27,8.23,118.625,151.778
825,3.16,7.8,122.09,144.489
826,3.18,7.83,136.489,145.797
827,3.27,7.78,153.028,149.624
828,3.28,7.95,148.478,145.288
829,3.15,7.87,107.309,148.977
830,3.24,7.94,99.684,127.971
831,3.12,7.94,91.724,136.876
832,3.22,7.8,97.248,154.581
833,3.31,7.87,130.122,133.284
834,3.17,7.74,127.536,139.67
835,3.22,7.73,128.655,132.343
836,3.16,7.78,108.2,139.176
837,3.24,7.87,90.336,134.449
838,3.22,7.7,96.329,138.266
839,3.18,7.85,105.636,146.927
840,3.27,7.8,125.147,124.355
841,3.28,8.06,135.171,125.78
842,3.15,8.03,124.623,140.765
843,3.25,7.84,107.43,135.623
844,3.19,8.01,105.422,149.692
845,3.14,7.98,81.772,136.493
846,3.13,7.86,96.696,148.007
847,3.11,7.8,120.823,136.783
848,3.32,7.85,124.266,139.695
849,3.33,7.75,135.131,148.736
850,3.18,7.88,110.9,139.777
851,3.22,7.97,97.939,142.079
852,3.27,7.98,98.471,141.888
853,3.17,8.04,110.048,139.932
854,3.16,7.72,116.384,136.746
855,3.14,7.63,130.543,148.537
856,3.26,7.8,139.518,151.337
857,3.16,7.71,104.608,133.306
858,3.22,7.63,96.252,126.204
859,3.31,7.84,98.244,130.303
860,3.28,7.55,110.523,130.766
861,3.2,8.07,120.674,151.041
862,3.27,7.47,130.338,132.158
863,3.26,7.99,118.735,147.423
864,3.29,7.7,107.425,155.399
865,3.23,7.87,102.154,141.398
866,3.17,7.81,94.441,159.221
867,3.28,7.66,106.705,136.957
868,3.19,7.94,116.998,137.188
869,3.31,7.84,140.426,148.073
870,3.26,7.89,123.255,147.396
871,3.2,8.02,107.621,149.187
872,3.16,7.69,104.804,129.507
873,3.23,8.1,103.257,157.358
874,3.15,7.93,113.017,148.331
875,3.26,7.95,132.689,150.447
876,3.12,8.08,130.118,144.835
877,3.26,7.73,136.976,160.783
878,3.19,7.91,108.594,159.266
879,3.25,7.71,116.133,169.21
880,3.23,8.11,122.671,176.905
881,3.24,7.97,127.003,154.223
882,3.31,7.87,157.311,154.031
883,3.11,7.95,159.739,165.724
884,3.28,7.98,153.708,162.285
885,3.32,8.15,136.214,180.462
886,3.35,8.39,123.352,180.99
887,3.26,8.07,124.627,185.498
888,3.21,8.12,154.631,194.012
889,3.24,8.28,159.704,191.304
890,3.23,7.89,165.019,180.168
891,3.3,8.15,169.454,195.704
892,3.26,8.08,159.693,192.354
893,3.32,7.88,156.94,198.296
894,3.26,8.21,162.9,199.512
895,3.31,8.07,173.707,210.788
896,3.32,8.03,195.074,207.738
897,3.22,8.01,191.515,195.484
898,3.32,8.3,191.989,211.133
899,3.22,8.41,180.805,218.499
900,3.31,8.48,171.307,219.543
901,3.25,8.44,166.92,230.807
902,3.3,8.49,193.853,238.712
903,3.19,8.33,201.36,248.021
904,3.24,8.52,214.763,242.907
905,3.31,8.07,225.288,236.2
906,3.25,8.23,188.248,237.795
907,3.26,8.53,181.468,260.216
908,3.34,8.32,175.403,247.307
909,3.23,8.28,200.488,244.335
910,3.36,8.19,217.105,253.017
911,3.46,8.64,229.513,255.186
912,3.22,8.4,196.998,231.675
913,3.39,8.41,202.237,242.712
914,3.23,8.24,169.637,254.862
915,3.38,8.3,182.884,229.974
916,3.33,8.56,191.004,230.348
917,3.27,8.19,207.306,228.274
918,3.4,8.05,212.02,226.349
919,3.29,8.2,208.817,237.514
920,3.26,8.36,180.093,221.516
921,3.32,8.38,168.186,229.774
922,3.28,8.39,169.179,231.597
923,3.42,8.09,186.124,214.865
924,3.37,8.43,195.678,230.839
925,3.3,8.13,189.507,208.345
926,3.37,8.1,190.234,207.17
927,3.23,8.09,152.037,184.016
928,3.31,7.98,151.189,186.06
929,3.31,8.05,140.217,204.021
930,3.26,8.18,151.585,186.133
931,3.38,8.27,171.198,183.99
932,3.32,8.04,169.742,194.5
933,3.28,8.04,148.994,185.561
934,3.26,8.25,141.228,182.132
935,3.3,8.25,129.331,176.736
936,3.34,8.04,133.458,172.431
937,3.3,8.33,137.345,171.106
938,3.24,8.22,145.983,152.819
939,3.28,8.18,157.349,156.917
940,3.24,7.77,142.609,155.061
941,3.27,7.97,126.789,164.754
942,3.26,7.9,108.223,158.927
943,3.26,7.88,99.597,172.622
944,3.22,8.2,122.197,156.708
945,3.29,7.84,141.742,163.128
946,3.22,7.94,138.285,151.724
947,3.26,7.83,131.392,142.689
948,3.37,8.23,124.31,164.73
949,3.29,7.76,101.844,145.577
950,3.26,7.73,112.916,140.99
951,3.27,7.9,119.57,145.325
952,3.27,7.9,108.874,150.434
953,3.33,7.87,131.868,153.925
954,3.26,7.9,127.775,141.527
955,3.24,7.85,108.206,134.073
956,3.19,7.74,92.11,141.083
957,3.2,8.03,102.658,159.419
958,3.25,7.93,113.073,141.754
959,3.18,7.99,118.681,142.09
960,3.25,7.85,133.358,118.995
961,3.26,7.92,122.9,130.151
962,3.23,7.61,104.586,152.529
963,3.31,8.05,96.939,138.764
964,3.19,7.87,98.48,127.967
965,3.23,8.01,121.529,135.781
966,3.34,7.73,128.991,141.9
967,3.41,7.94,131.219,133.108
968,3.25,7.86,128.482,131.44
969,3.27,8.27,111.075,148.675
970,3.14,7.97,97.626,134.855
971,3.34,8.19,102.152,141.646
972,3.25,8.18,115.479,115.882
973,3.26,7.99,120.187,132.279
974,3.24,8.01,132.718,144.939
975,3.28,7.87,129.394,150.495
976,3.37,8.04,120.691,140.211
977,3.2,7.82,98.337,123.464
978,3.18,7.91,90.041,129.452
979,3.22,7.88,103.579,142.334
980,3.26,8.03,123.702,148.198
981,3.27,7.8,129.76,146.512
982,3.26,7.79,114.175,117.508
983,3.2,7.65,109.396,145.159
984,3.26,8.0,103.691,136.807
985,3.26,8.01,92.038,158.376
986,3.15,8.05,99.937,118.118
987,3.24,7.65,120.871,134.816
988,3.26,7.99,126.4,138.622
989,3.36,7.81,124.8,141.217
990,3.2,7.72,106.952,142.337
991,3.22,7.98,102.374,133.11
992,3.27,7.84,96.773,142.518
993,3.25,7.75,115.676,145.568
994,3.28,7.66,129.468,140.56
995,3.38,7.81,138.474,144.858
996,3.31,7.93,117.555,148.074
997,3.23,7.71,103.952,133.247
998,3.32,7.73,98.945,145.986
999,3.32,7.97,97.445,148.105
1000,3.29,7.76,95.876,142.982
1001,3.18,7.76,126.738,126.63
1002,3.34,8.05,130.15,139.889
1003,3.37,7.68,118.49,132.411
1004,3.25,8.06,107.881,156.943
1005,3.26,7.99,95.028,148.768
1006,3.2,8.02,84.836,138.948
1007,3.25,8.0,112.534,129.757
1008,3.22,7.95,125.34,135.719
1009,3.19,8.01,129.557,152.921
1010,3.29,7.73,134.037,123.868
1011,3.2,8.06,106.031,153.161
1012,3.23,7.88,101.518,133.815
1013,3.27,7.96,94.645,136.764
1014,3.36,7.97,102.626,147.33
1015,3.18,8.19,114.169,151.052
1016,3.38,8.04,140.375,164.651
1017,3.25,7.7,121.125,139.562
1018,3.3,7.84,115.492,139.141
1019,3.23,8.06,96.87,145.477
1020,3.19,8.13,87.163,144.23
1021,3.19,8.14,99.131,153.426
1022,3.3,8.21,118.691,148.821
1023,3.3,8.13,145.325,143.546
1024,3.38,7.98,131.648,146.137
1025,3.26,7.79,120.015,138.892
1026,3.37,7.93,101.673,139.115
1027,3.28,7.83,107.739,150.526
1028,3.35,7.96,118.642,152.398
1029,3.41,7.69,131.527,141.401
1030,3.22,7.94,140.009,157.962
1031,3.36,8.08,125.27,159.355
1032,3.28,8.0,118.119,166.499
1033,3.28,7.67,91.894,141.326
1034,3.25,7.9,101.354,144.544
1035,3.2,8.19,110.101,140.133
1036,3.17,7.86,119.708,137.703
1037,3.26,8.1,145.616,148.801
1038,3.34,7.86,137.959,140.213
1039,3.3,8.25,105.194,143.124
1040,3.28,7.95,104.953,138.692
1041,3.35,8.09,103.083,151.661
1042,3.33,7.89,119.691,142.943
1043,3.33,8.08,130.602,160.878
1044,3.42,7.82,150.235,135.661
1045,3.34,7.9,136.573,162.01
1046,3.35,7.78,116.472,158.293
1047,3.35,7.99,88.346,149.064
1048,3.21,7.91,103.212,163.68
1049,3.52,7.81,115.469,157.782
1050,3.38,7.67,133.669,147.307
1051,3.29,8.11,125.973,153.15
1052,3.4,7.87,143.08,156.485
1053,3.26,8.12,106.987,154.692
1054,3.28,7.88,102.405,155.209
1055,3.31,7.71,97.421,151.01
1056,3.22,7.95,104.076,155.638
1057,3.31,7.97,127.829,159.155
1058,3.35,8.03,138.013,162.864
1059,3.34,7.96,122.017,151.451
1060,3.26,8.18,117.645,146.548
1061,3.26,8.05,106.001,154.051
1062,3.13,7.98,97.386,131.071
1063,3.28,8.22,113.389,161.642
1064,3.28,7.72,126.357,140.921
1065,3.29,7.98,139.125,163.554
1066,3.36,8.19,128.357,164.078
1067,3.25,8.13,103.189,171.574
1068,3.23,7.99,105.873,157.975
1069,3.31,7.92,101.748,173.711
1070,3.35,8.13,125.141,162.77
1071,3.21,8.1,122.373,162.15
1072,3.32,8.04,145.839,168.233
1073,3.29,7.92,126.923,160.381
1074,3.24,7.81,116.555,165.13
1075,3.31,8.27,116.45,161.517
1076,3.33,8.2,107.196,173.423
1077,3.37,8.26,126.836,174.82
1078,3.28,8.26,137.394,178.32
1079,3.33,8.2,143.887,154.244
1080,3.29,7.78,141.827,152.571
1081,3.2,8.22,116.873,184.199
1082,3.25,8.03,107.82,186.422
1083,3.38,7.94,114.522,181.308
1084,3.29,8.0,124.731,173.311
1085,3.31,7.98,143.964,174.616
1086,3.39,8.11,142.441,184.11
1087,3.19,8.16,138.603,193.531
1088,3.2,7.92,126.602,186.926
1089,3.32,7.97,120.641,166.696
1090,3.2,8.04,102.781,153.606
1091,3.29,8.1,121.953,155.02
1092,3.41,8.24,137.894,176.74
1093,3.35,7.91,143.628,167.218
1094,3.37,8.1,143.872,144.681
